track_uri,track,artist,p_afternoon,preference
spotify:track:7vIDhgD7WWTMpvgJebImoN,All For Me,Mariah the Scientist,0.586,0.097
spotify:track:2HniXaCX3oipZgUUzuTDy8,Who Could It Be?,cortex,0.805,0.06
spotify:track:1Dmf9wjpBi17WnSWY4IHmD,Attention,cortex,0.782,0.045
spotify:track:2s6WsqnHa0pdYBvdmhGHbb,To Fall,Jacob Watty,0.695,0.039
spotify:track:6EUcP55GlbmsmCzfL2vxtZ,on one tonight,Gunna,0.562,0.034
spotify:track:6TQtwV4QG19SzCVG5F2RkC,eyes wide open,kwn,0.5,0.033
spotify:track:7KKgE6UHxqhuxkNV2k3AKn,Javeda Zindag,Kshitij Tarey,0.545,0.031
spotify:track:0juhyxK0QHg6K5mWeQfGXi,6 In The Morning,cortex,0.691,0.03
spotify:track:1gwz9vbABXhm4FUuKckSV3,Backstreets,cortex,0.589,0.027
spotify:track:1hpifz0aMrEbIciKmtAwUL,Carolina Blue,Lazā,0.533,0.026
spotify:track:6lbhWl34Il0WXm5pX1fM9E,Up Down (Do This All Day) (feat. B.o.B),T-Pain,0.505,0.024
spotify:track:4Lt6z7rZq9UfKHZdC4a3uJ,stand on it,kwn,0.549,0.024
spotify:track:3hxIUxnT27p5WcmjGUXNwx,Shut up My Moms Calling,Hotel Ugly,0.552,0.024
spotify:track:35LxnbeMImdQePFuaZgIjF,all the girls,kwn,0.525,0.024
spotify:track:3kKI5E4jFwIlpvU8fWglTS,Angel Speaks,cortex,0.615,0.024
spotify:track:7MmG8p0F9N3C4AXdK6o6Eb,Outside (feat. Ellie Goulding),Calvin Harris,0.499,0.023
spotify:track:7pQAGG3OhXuYZrEh8nUCbi,Me,Summer Walker,0.574,0.023
spotify:track:3LAGyzxOYpZgTJ9N5QXkO3,December 10th - Live Performance,cortex,0.618,0.023
spotify:track:5oady7OSE7dH7LHiqmb3Cr,"Dreams, Fairytales, Fantasies (feat. Brent Faiyaz & Salaam Remi)",A$AP Ferg,0.523,0.022
spotify:track:3SifBJbSwGwa5KYQ5RB21T,see through,Amelia Moore,0.541,0.022
spotify:track:6FqSoMuh09waUrCLT0KjI0,SPEECHLESS,WESLEYFRANKLIN,0.612,0.022
spotify:track:3n5CRujTMyLADWXCz74xoS,Days Are Over,cortex,0.631,0.022
spotify:track:7xa3jMc7pqXzkNSsgTemiC,20 DEGREES,kili,0.545,0.021
spotify:track:4IkZf8InSg9ybEo441FWSR,Dangerous,Asiah,0.523,0.021
spotify:track:15MUF6KnRsUQcvD43tZUVx,Silhouettes,loopgarden,0.603,0.021
spotify:track:1KGi9sZVMeszgZOWivFpxs,No Scrubs,TLC,0.594,0.021
spotify:track:2Fyjjpg03fn7n5cj0Qm380,Karma,Summer Walker,0.524,0.021
spotify:track:1pwmSNzQuenhECf83LpApZ,Vegas,cortex,0.647,0.021
spotify:track:2KsdIzS7ThRCqoFnSNIZW7,Close To Me,cortex,0.662,0.02
spotify:track:5hvyS23Ya468Sp4VeL48U5,Unhinged,Masego,0.63,0.02
spotify:track:0cma4j3yRQI8JWM1Bt9Dce,Love Don’t Happen,cortex,0.659,0.02
spotify:track:1WQqCHy77aGHFK96qrsEEG,Ta Ta Ta,Bayanni,0.549,0.02
spotify:track:3ee8Jmje8o58CHK66QrVC2,SAD!,XXXTENTACION,0.497,0.02
spotify:track:4PjUTGWC6hQJ84zQQOMkWk,Don't Lie,Tay Iwar,0.535,0.02
spotify:track:1w6dhNvvia4MCIuWWJAyHQ,Call My Name,J'calm,0.538,0.02
spotify:track:6zgi0xkawkJ8z06khryYcs,Made Me,cortex,0.571,0.02
spotify:track:67j0L46AT0Q5sGfeEYqInB,Make It Right,Lekan,0.544,0.02
spotify:track:290ilxF4OsghfGWMV9OZNd,La Cheyenne,El De Las R's,0.549,0.019
spotify:track:52brDlLtV8OmnqsPZQpOFu,Impromptu,Karri,0.546,0.019
spotify:track:4myY4rAgd9exOhk7I8q5CN,Carnival,cortex,0.634,0.019
spotify:track:0PgriJfjdWCKE1WlatKnrn,Make Me Feel (feat. Kaliyah),cortex,0.655,0.019
spotify:track:0TL0LFcwIBF5eX7arDIKxY,Husn,Anuv Jain,0.499,0.019
spotify:track:5VTdG4eQi4CuCcS2CyC4eA,HOLD UP,kili,0.577,0.019
spotify:track:6e8jvnIjMQsLJd1wivzzA8,The Mirage,Jatayu,0.585,0.019
spotify:track:2igNvPf7RLTZG688Mx8GtU,"girl, get up. (feat. SZA)",Doechii,0.532,0.019
spotify:track:5SMULdeQWOnlBzeIUIEawU,Time Again,cortex,0.634,0.019
spotify:track:0XPKJOmc33zKNAjTiUed0t,Back Again,cortex,0.634,0.019
spotify:track:5V3jUpE1OhTQehzslaV5A1,December 10th,cortex,0.625,0.019
spotify:track:5VT0xlntv9lzgytFTpG5Q0,Golden Boy,cortex,0.633,0.018
spotify:track:1fOv3fmJBDf0xCGWsfy0Zw,Hypnotized,cortex,0.662,0.018
