track_uri,track,artist,p_evening,preference
spotify:track:6pyM30WDpG70VTfwoQg4m2,everything,Kehlani,0.561,0.071
spotify:track:0Ryd8975WihbObpp5cPW1t,boyfriend (with Social House),Ariana Grande,0.545,0.062
spotify:track:7w5AOd6HrDIHewHfpABEss,Wicked Game,Chris Isaak,0.438,0.061
spotify:track:5Jo3oFBD4pM7eaaRjV8Bda,prototype,Gunna,0.574,0.06
spotify:track:1eUGmzzvahJjOSWgDHuRlv,Girl With The Tattoo Enter.lewd,Miguel,0.464,0.058
spotify:track:5vTNC4ONe5kc1rlGbjOEZs,Gaslight 101,Odeal,0.562,0.058
spotify:track:2K7xn816oNHJZ0aVqdQsha,Softcore,The Neighbourhood,0.547,0.057
spotify:track:06mtMKkZiwzA1BHCTb1IBy,Set It Arff,Skeete,0.56,0.052
spotify:track:1BOarRF8QAkyjjJD19Cl8K,Planet Bass / NBLYB,Tory Lanez,0.465,0.047
spotify:track:0YNtAadZvKBBEFARtfoCV8,Compass,The Neighbourhood,0.514,0.045
spotify:track:4dYhse0clrMQgMrCHyCnwR,good girl,kwn,0.577,0.045
spotify:track:26uUR69FydfbZuIsHIJ23d,DO ME WRONG,SAHXL,0.459,0.044
spotify:track:32TTewBmtmhUmYxS1ajqaJ,hakuna matata,Gunna,0.605,0.044
spotify:track:608a1wIsSd5KzMEqm1O7w3,I'm On One,DJ Khaled,0.461,0.042
spotify:track:0zO8ctW0UiuOefR87OeJOZ,Collard Greens,ScHoolboy Q,0.495,0.041
spotify:track:6wJwkMo278iWVlWl1XQ4WA,The Heart Wants What It Wants,Selena Gomez,0.554,0.038
spotify:track:6UbfuPifNmblRiaE8vQ08U,Love & War - Yellow Claw G-Funk Remix,Yellow Claw,0.535,0.037
spotify:track:2xyx0o4xNOLLjBSbOOdcbA,Playing Games (with Bryson Tiller) - Extended Version,Summer Walker,0.528,0.037
spotify:track:6ZRuF2n1CQxyxxAAWsKJOy,Nights Like This (feat. Ty Dolla $ign),Kehlani,0.459,0.037
spotify:track:4loM16743hROPC6uIJG6wM,MET GALA,Gunna,0.562,0.035
spotify:track:1eIXYZWEfJO3Na2LCCnIJE,Love Language,SZA,0.503,0.035
spotify:track:5Tp4UJvnsF4Zd05k0zXUte,CPR,Summer Walker,0.5,0.035
spotify:track:09OeD94T28n7ku4RqPa6wZ,Anna Mae,Summer Walker,0.502,0.035
spotify:track:7vxLj7MREliG5i5vSnqSVr,Body,Summer Walker,0.512,0.034
spotify:track:4hWgC5BV5M7EtTleKVXNxw,Playing Games,Summer Walker,0.515,0.033
spotify:track:0EfsDEYaSjGYd66Pr881nq,Cry Baby,The Neighbourhood,0.524,0.033
spotify:track:644rGY6maSElnKVsAg1gJj,Girls Need Love,Summer Walker,0.489,0.033
spotify:track:4K5lYtD8r6OFRbzWc6MwCS,AZAMAN,Rema,0.492,0.033
spotify:track:5xjTqz4aYQeBnFhwMPmfx9,Kickin’ Back,Mila J,0.493,0.031
spotify:track:70yhaHLp9STtzI2Kzba6Tr,Best Mistake,Ariana Grande,0.46,0.03
spotify:track:2mNGL7mZILSqZHxGboJaO9,COMË N GO,Yeat,0.563,0.03
spotify:track:1luvsaicSpNDRLgOtRZxWO,Constant Bullshit,Summer Walker,0.464,0.03
spotify:track:45Egmo7icyopuzJN0oMEdk,Love Lies,Khalid,0.507,0.029
spotify:track:78QR3Wp35dqAhFEc2qAGjE,Drip Too Hard (Lil Baby & Gunna),Lil Baby,0.584,0.029
spotify:track:3zEN0ii6s4DHHBpnTp3RP7,We Are The People,Empire Of The Sun,0.47,0.029
spotify:track:0NPBoqxPpYMDUysUTF5ox5,Send Your Loving - Sped Up,Ama Louise,0.542,0.029
spotify:track:5XZeb44ubop1TqtpZy6tlc,Me Pede,Giana Mello,0.542,0.029
spotify:track:2f86Ae3R4OKAu1lEIqouih,"To Summer, From Cole - Audio Hug",Summer Walker,0.549,0.029
spotify:track:6yA2GnuThv4oDuEimu4Rmg,MAYBE.,SIENNA SPIRO,0.496,0.029
spotify:track:7BmI4hAj6dXIQgA77ZlOzm,Buzzin Remix,Mann,0.445,0.029
spotify:track:7pv80uUHfocFqfTytu1MVi,Didn't Cha Know,Erykah Badu,0.442,0.028
spotify:track:1TEL6MlSSVLSdhOSddidlJ,needy,Ariana Grande,0.435,0.028
spotify:track:1ikNKCWW9eoo9nbVxQ6QLu,Automatic,The Bonfyre,0.536,0.028
spotify:track:113xf7t4qNM7038YJvauik,Nervous,The Neighbourhood,0.539,0.027
spotify:track:6HGeYNFZe51bX0yYOXuvcO,Make Way,Ruger,0.444,0.026
spotify:track:1qmTyz4l8mLlxGqGP2YjCF,$$$ (feat. Normani),Gunna,0.475,0.026
spotify:track:15MUF6KnRsUQcvD43tZUVx,Silhouettes,loopgarden,0.473,0.026
spotify:track:3B4cjvGlPvyBLNG3AzEgkZ,E85,Don Toliver,0.442,0.026
spotify:track:1axArDrl7n4M3QZMNN0XMs,Girls Need Love (with Drake) - Remix,Summer Walker,0.471,0.026
spotify:track:7oLeJZ5kAYeBueQdimqHVc,Planet Bass / NBLYB,Tory Lanez,0.454,0.026
