track_uri,track,artist,p_late_night,preference
spotify:track:608a1wIsSd5KzMEqm1O7w3,I'm On One,DJ Khaled,0.495,0.053
spotify:track:7vIDhgD7WWTMpvgJebImoN,All For Me,Mariah the Scientist,0.525,0.037
spotify:track:2dST7cwBuCLMnlYMcT9sNk,Mean it,Asect,0.51,0.008
spotify:track:2c7z5oRcPBbqRaBY2mLWcf,NEW DROP,Don Toliver,0.5,0.005
spotify:track:0TW3eNGviQCVHb2wH7MRnT,Hit Me Up Again,Asect,0.511,0.005
spotify:track:1hpifz0aMrEbIciKmtAwUL,Carolina Blue,Lazā,0.511,0.005
spotify:track:2UxU77XYquJ5tQ1t3KV3MX,if you really love me,Asect,0.507,0.004
spotify:track:221qmpQeBNV87sUjQeUTVH,Around Me (feat. Don Toliver),Metro Boomin,0.498,0.004
spotify:track:2OrucC3HEPmZpkaQ05Nx0V,novocaine,GenriX,0.549,0.002
spotify:track:6qL5UWxRSQYml9O99ozoLv,Love Songs - Bonus,Kaash Paige,0.502,0.002
spotify:track:5tz69p7tJuGPeMGwNTxYuV,1-800-273-8255,Logic,0.543,0.0
spotify:track:2Fyjjpg03fn7n5cj0Qm380,Karma,Summer Walker,0.502,-0.0
spotify:track:5VT0xlntv9lzgytFTpG5Q0,Golden Boy,cortex,0.614,-0.001
spotify:track:51mLQ3w7yR7vjdSTFLWaY5,Ginger (feat. Burna Boy),Wizkid,0.51,-0.001
spotify:track:6ZRuF2n1CQxyxxAAWsKJOy,Nights Like This (feat. Ty Dolla $ign),Kehlani,0.558,-0.001
spotify:track:3Y1ZpXS4HETFHDdBNfNU0I,OPPOSITE,Don Toliver,0.497,-0.001
spotify:track:2OpBganfGk2GVdSlRdxzaX,Better,Khalid,0.525,-0.002
spotify:track:5XZeb44ubop1TqtpZy6tlc,Me Pede,Giana Mello,0.543,-0.002
spotify:track:5FG7Tl93LdH117jEKYl3Cm,Essence (feat. Tems),Wizkid,0.521,-0.002
spotify:track:55rQ0KiilnaxA2ef6ZBZLh,control,Tommy Saint,0.527,-0.003
spotify:track:2FAVcsbVnddtEbJeUBnnaL,Take Me Away (feat. Syd),Daniel Caesar,0.506,-0.003
spotify:track:4mL59LVbKgOpEACxraGYdr,While We're Young,Jhené Aiko,0.53,-0.003
spotify:track:2ktg2oZDyFAX3iY1QNkXl5,Session 32,Summer Walker,0.517,-0.003
spotify:track:6GkFuU6FVfx866bhM1T1Iz,Ole (feat. BNXN),Qing Madi,0.597,-0.003
spotify:track:1bz57QyQKQoZyfFnuwXOb9,OpenTil2,Lazā,0.509,-0.004
spotify:track:6cBuMdWhOIspoEsDlmTnZh,nothing Changed,cortex,0.669,-0.004
spotify:track:7lv4SU2ATVjQJp6Jia0x7N,Dark Thoughts,Lil Tecca,0.537,-0.004
spotify:track:0Uyh92tLyb9JawG8lmWCzJ,Differences,Ginuwine,0.549,-0.004
spotify:track:0Ba2OcVpDNyqpxGbJLTa8l,Love Notes,Olivia B Moore,0.561,-0.004
spotify:track:4pAl7FkDMNBsjykPXo91B3,Needed Me,Rihanna,0.504,-0.004
spotify:track:27RIA5wcopdpQ4WHBSsWrV,Encore,FANTASY,0.548,-0.004
spotify:track:57c824155MOILKW4B9i26h,back 'n forth,"Chuka, The Destroyer",0.546,-0.005
spotify:track:4ZgXDDRSS4lVx1g3WkRon0,"Doctor, My Eyes",Khamari,0.538,-0.005
spotify:track:7iqP0fGWZVJLtkunH5iz7i,NEGLIGENT - UNPLUGGED,SAHXL,0.517,-0.005
spotify:track:3hxIUxnT27p5WcmjGUXNwx,Shut up My Moms Calling,Hotel Ugly,0.522,-0.005
spotify:track:6EUcP55GlbmsmCzfL2vxtZ,on one tonight,Gunna,0.523,-0.005
spotify:track:6rjuKpPydT2SxN15TZpV7r,500lbs,Lil Tecca,0.517,-0.005
spotify:track:7xgdfBna2X42DewJm3V82v,Don't Count Me Out,Jay Safari,0.537,-0.006
spotify:track:1YB0MM0gMZi8Gc6lD5v4eM,AT THE CLUB,kili,0.531,-0.006
spotify:track:5nexAvWNhwg51EavnDgViy,Toxic,Kehlani,0.529,-0.006
spotify:track:3SMRP2eGrpxBS1I1rZNFLP,Do For Love,Jay Safari,0.537,-0.006
spotify:track:3yu5otkADG1ldufrPxABoo,Wetin,Yarden,0.604,-0.006
spotify:track:5odrgttxGTjodGqpIc4Kqr,NOT THE ONE,SAHXL,0.498,-0.006
spotify:track:4Li8dc3ucCesQJMKErU5zM,living room flow - Bonus,Jhené Aiko,0.553,-0.006
spotify:track:4dIiJbA32UIWpkwfRdd8qI,Cup Full,Jay Safari,0.537,-0.006
spotify:track:57mKcbEq7nMqtJ4gqJvWcp,Talk That Talk,Rihanna,0.509,-0.006
spotify:track:6pyM30WDpG70VTfwoQg4m2,everything,Kehlani,0.549,-0.007
spotify:track:4Bsf8Pzli5MQv9zLF9KXqc,Unakkul Naane,Harris Jayaraj,0.549,-0.007
spotify:track:0ABnKfR4XX3D0xTUViIvcL,AGAIN,SAHXL,0.51,-0.007
spotify:track:516EXhzpp74BWkq1xUFfXt,same time,"Chuka, The Destroyer",0.52,-0.007
