track_uri,track,artist,p_morning,preference
spotify:track:7GeTsDIc5ykNB6lORO6Cee,Circo Loco,Drake,0.657,0.063
spotify:track:16vXZD5iWtBGonvoDJSmN3,Baddest Boy (feat. Davido) - Remix,Skiibii,0.721,0.057
spotify:track:52NGJPcLUzQq5w7uv4e5gf,Private Landing (feat. Justin Bieber & Future),Don Toliver,0.71,0.054
spotify:track:0QgwjxR1VchizzckKXwyBu,POP DAT THANG,DaBaby,0.674,0.049
spotify:track:7t9d2YdmD87JC72pocMtlz,pocket locket,Alaina Castillo,0.735,0.049
spotify:track:1aeRSlCn1EF7f5q7b5l6uu,Lady,Avenoir,0.712,0.048
spotify:track:0sSRLXxknVTQDStgU1NqpY,Hours In Silence,Drake,0.678,0.048
spotify:track:7fzN9lz890zav0HERLvVKZ,prada dem (feat. Offset),Gunna,0.725,0.048
spotify:track:6T3Ebo7EOh8cUOyE4OhFpp,Good & Plenty - Remix,Lucky Daye,0.695,0.047
spotify:track:4BycRneKmOs6MhYG9THsuX,Find Your Love,Drake,0.704,0.047
spotify:track:7qjPjdMQmj2ivIuQsc0Cid,FAVORITE LOVER,DESTIN CONRAD,0.692,0.047
spotify:track:6lBHTQVgXXxGCm8q2UvAhu,NEED YOU,DESTIN CONRAD,0.696,0.046
spotify:track:7Csa4PStpuYIfUqNMKQ4V8,"Barbaad (From ""Saiyaara"")",The Rish,0.7,0.046
spotify:track:5O9aVGryqU0Um5l4a1pezL,DADAMAN,DESTIN CONRAD,0.722,0.046
spotify:track:7H5Bv8j9chJ4CWTuoXF4EK,Different Species (feat. Gunna),Offset,0.746,0.045
spotify:track:7hRlTK3mgFTBEjX7DjqBsI,Overdrive,Drake,0.668,0.045
spotify:track:2KLwPaRDOB87XOYAT2fgxh,Pussy & Millions (feat. Travis Scott),Drake,0.665,0.044
spotify:track:62YAKv9ak7mxrNRdhe7Pe9,Skin,Rihanna,0.652,0.043
spotify:track:51ODNNDZm21HU7wI7cccRr,Latch,Disclosure,0.68,0.043
spotify:track:2RnB5R79oLcE8lCQbiaUZf,Art of War,Avenoir,0.669,0.043
spotify:track:3fpTMuD1u3gJlVI4FadVHs,Fancy,Drake,0.669,0.042
spotify:track:0wwPcA6wtMf6HUMpIRdeP7,Hotline Bling,Drake,0.662,0.042
spotify:track:527k23H0A4Q0UJN3vGs0Da,After Party,Don Toliver,0.665,0.042
spotify:track:3ogHl7Cpvm86dyq8wtSLfM,Baddest Boy (US Remix),Skiibii,0.659,0.042
spotify:track:32uc3iXCQV6QzFl1y3Fi4b,One Call,Pino,0.695,0.042
spotify:track:410TZrK18uRjtsTunG14cl,Middle of the Ocean,Drake,0.669,0.042
spotify:track:5SSZtFWdrmFV4MxtlRA13N,Saiyaara,Tanishk Bagchi,0.68,0.042
spotify:track:0aHM1klz6sGAmpjRPXkjMq,Say What (feat. PARTYNEXTDOOR),Trippie Redd,0.669,0.041
spotify:track:5dxgZCSp8CDx4WS9CQWYQG,sakpase,Gunna,0.704,0.041
spotify:track:3E1aiE5G9FZ5NflJgjr8mx,Leave The Club,Solo B,0.682,0.041
spotify:track:22393doGGodPbxt4M9SBFI,PARADIGM,Avara,0.716,0.041
spotify:track:5WphWTUIfRe7x8NZss79cY,Let Me Love You,Mario,0.693,0.04
spotify:track:0FMAKUsgIBszj75WEENYDO,Long Way To Calabasas,Don Toliver,0.652,0.04
spotify:track:0enY45J98M1RzRd01DaQDP,Bet,Pimmie,0.664,0.04
spotify:track:6LxSe8YmdPxy095Ux6znaQ,Headlines,Drake,0.666,0.04
spotify:track:5V3jUpE1OhTQehzslaV5A1,December 10th,cortex,0.728,0.04
spotify:track:2rDtfPMI5mDJVTwYYG00QI,"Soweto (with Don Toliver, Rema & Tempoe)",Victony,0.685,0.039
spotify:track:0sdx7g8ff4pLdivhf2JUa8,i kno',Destin Laurel,0.675,0.038
spotify:track:2HEQmnm5GxHysvHRc5uttV,Days Are Over,cortex,0.747,0.038
spotify:track:01JPQ87UHeGysPVwTqMJHK,She Don't (feat. Ty Dolla $Ign),Ella Mai,0.674,0.038
spotify:track:3n5CRujTMyLADWXCz74xoS,Days Are Over,cortex,0.742,0.038
spotify:track:4hpV1Xrh2HbyMovybPJdTS,Robbed You (with Mariah the Scientist),Summer Walker,0.703,0.038
spotify:track:02pe1ZTmWsWLawKfGQ5SIJ,Heaven (with matt proxy),cortex,0.742,0.038
spotify:track:67KAaGKHUrYLCmHml6v0Yk,FMT,Summer Walker,0.703,0.038
spotify:track:3kKI5E4jFwIlpvU8fWglTS,Angel Speaks,cortex,0.739,0.038
spotify:track:50mO1X22JnquOpSjrVFrjV,Potential (Interlude),cortex,0.735,0.038
spotify:track:3u07aCTSie9xd3hYy0l4Gj,100,Ella Mai,0.695,0.037
spotify:track:17NLXL91ilTSQWEBRVbBGY,TABOO,Isaiah Falls,0.669,0.037
spotify:track:2ZlABhxMMa43COmZ97kKsJ,Jumbotron Shit Poppin,Drake,0.726,0.037
spotify:track:6zgi0xkawkJ8z06khryYcs,Made Me,cortex,0.721,0.037
