track_uri,track,artist,p_liked,energy,danceability,tempo
spotify:track:5o5akY9xnEk6lpMkD8RwD9,Teacher's Pet,Melanie Martinez,0.656,0.794,0.686,140.952
spotify:track:1p0rEzrK7YtdRZVtiyV7RN,Lemonade (feat. NAV),Internet Money,0.637,0.658,0.8,140.042
spotify:track:4myY4rAgd9exOhk7I8q5CN,Carnival,cortex,0.618,0.858,0.696,105.996
spotify:track:6FE2iI43OZnszFLuLtvvmg,Classic,MKTO,0.616,0.791,0.72,102.071
spotify:track:1fidCEsYlaVE3pHwKCvpFZ,Am I Wrong,Nico & Vinz,0.59,0.675,0.729,119.968
spotify:track:4FUQtedaG22FWZ6lGyRApm,Rosary (feat. Travis Scott),Don Toliver,0.58,0.739,0.781,148.008
spotify:track:78QR3Wp35dqAhFEc2qAGjE,Drip Too Hard (Lil Baby & Gunna),Lil Baby,0.574,0.662,0.897,112.509
spotify:track:4RJTTrZqPFWaWACVXHkvjw,Everyday,Ariana Grande,0.569,0.733,0.637,131.004
spotify:track:5tCPzWO2GkhkMa0Z7T7NWL,Saysum,cortex,0.564,0.887,0.608,107.737
spotify:track:3Yt1ovsh3v3VEzRuhI1TL5,Joro,Wizkid,0.561,0.694,0.686,189.998
spotify:track:32TTewBmtmhUmYxS1ajqaJ,hakuna matata,Gunna,0.561,0.726,0.926,137.975
spotify:track:6ZRuF2n1CQxyxxAAWsKJOy,Nights Like This (feat. Ty Dolla $ign),Kehlani,0.559,0.725,0.61,146.163
spotify:track:7eBqSVxrzQZtK2mmgRG6lC,Murder on My Mind,YNW Melly,0.547,0.73,0.759,115.007
spotify:track:3TTMUI5dFcbeNSDTTDY9M8,Come Thru (with Usher),Summer Walker,0.542,0.728,0.679,152.001
spotify:track:5XZeb44ubop1TqtpZy6tlc,Me Pede,Giana Mello,0.541,0.654,0.642,180.052
spotify:track:6eXpEvkpwBKtgE1WfD86xV,GOLIATH,Boybreed,0.54,0.756,0.724,133.229
spotify:track:5xjTqz4aYQeBnFhwMPmfx9,Kickin’ Back,Mila J,0.54,0.669,0.703,115.139
spotify:track:0yz2J4wsXFCjMjpJ6A74yV,Fine China,Chris Brown,0.537,0.731,0.654,104.002
spotify:track:7oLeJZ5kAYeBueQdimqHVc,Planet Bass / NBLYB,Tory Lanez,0.535,0.974,0.621,134.953
spotify:track:4Efkz2fw4BgqFaWfLReqKN,risk it all,kwn,0.535,0.732,0.796,108.044
spotify:track:2GHKo6nrSjruvBEQbzD7Fw,Tiramisu,Don Toliver,0.534,0.706,0.808,133.021
spotify:track:20YOJ81BuTLbLcBCYnFmQ1,Fantasy,Alina Baraz,0.534,0.747,0.68,113.933
spotify:track:7H5Bv8j9chJ4CWTuoXF4EK,Different Species (feat. Gunna),Offset,0.533,0.722,0.846,124.882
spotify:track:4mL59LVbKgOpEACxraGYdr,While We're Young,Jhené Aiko,0.532,0.791,0.649,128.023
spotify:track:3nN6imxV0JUgGDqyAauuII,FOCUS,Dyce & Flynno,0.53,0.704,0.607,143.009
spotify:track:5a7NdkF09AfD0H607eiOkX,On My Mind,Ellie Goulding,0.525,0.705,0.702,154.911
spotify:track:5FG7Tl93LdH117jEKYl3Cm,Essence (feat. Tems),Wizkid,0.524,0.707,0.849,104.027
spotify:track:6rjuKpPydT2SxN15TZpV7r,500lbs,Lil Tecca,0.524,0.779,0.724,123.013
spotify:track:2D1D9hmwCBApc1JHEA7WaB,wo wo,Minz,0.522,0.66,0.604,129.75
spotify:track:6EUcP55GlbmsmCzfL2vxtZ,on one tonight,Gunna,0.521,0.727,0.887,130.035
spotify:track:46tv0OqV2s15z2Jvb2E1fe,podcast,Gunna,0.52,0.654,0.854,109.282
spotify:track:7ssEhls1ZYEGtBsoovkMSe,Level Up,Ciara,0.52,0.825,0.746,152.914
spotify:track:0scd3nh27AYTNXo0KHRmsG,Move (feat. Camila Cabello & Malachiii),Adam Port,0.519,0.775,0.74,120.04
spotify:track:3zEN0ii6s4DHHBpnTp3RP7,We Are The People,Empire Of The Sun,0.518,0.781,0.675,122.989
spotify:track:10zcG57LLR7AEAdED4jpHH,Clothes Off (feat. kwn),Kehlani,0.517,0.661,0.774,117.009
spotify:track:5zXTskPR6ybGjMoZfJnJ6O,neck on a yacht,Gunna,0.517,0.726,0.83,130.027
spotify:track:2k3IJR9hf34ZfEnTdlcoSK,Bus Stop (feat. Brent Faiyaz),Don Toliver,0.517,0.684,0.603,152.03
spotify:track:0gl5Yt7KlvwIb8LmPHmBTc,K9 (feat. SahBabii),Don Toliver,0.516,0.742,0.65,139.885
spotify:track:1BOarRF8QAkyjjJD19Cl8K,Planet Bass / NBLYB,Tory Lanez,0.516,0.974,0.622,134.951
spotify:track:5GkQIP5mWPi4KZLLXeuFTT,motive (with Doja Cat),Ariana Grande,0.513,0.742,0.789,116.965
spotify:track:1aJzht58rlCQxUMzCtzJxR,The Hate of Friends,Tory Lanez,0.512,0.71,0.709,131.964
spotify:track:0YNtAadZvKBBEFARtfoCV8,Compass,The Neighbourhood,0.511,0.82,0.7,109.998
spotify:track:2V65y3PX4DkRhy1djlxd9p,Don't You Worry Child - Radio Edit,Swedish House Mafia,0.511,0.84,0.612,129.042
spotify:track:69uxyAqqPIsUyTO8txoP2M,Adventure of a Lifetime,Coldplay,0.511,0.924,0.638,111.995
spotify:track:5NsvWgetM1mJlmLHen1hKZ,Keyz To Vampa,Tory Lanez,0.51,0.755,0.61,133.047
spotify:track:0YQ3pxSWszXRbPHZHSvlqU,Endless Night,Maeta,0.51,0.688,0.819,107.993
spotify:track:4slBllHFZYlpg3IjeX5CBl,How Deep Is Your Love,Calvin Harris,0.508,0.87,0.733,122.022
spotify:track:7ueuqvQkKA9k1Pys0hB5br,Praise Jah In The Moonlight,YG Marley,0.508,0.727,0.66,125.023
spotify:track:5PQhyaQi0sevQDdprCxa3s,ATM,Don Toliver,0.508,0.697,0.696,170.057
spotify:track:4K5lYtD8r6OFRbzWc6MwCS,AZAMAN,Rema,0.507,0.897,0.718,123.138
